,mean,std,min,max,perc_satif
CrossLinkingMassSpectrometryRestraint_Distance_||1.1|Pks13.0|612|Pks13.0|677|0|0.01|,17.15471433300976,6.099667401056685e-11,17.154714333070757,17.154714333070757,1.0
CrossLinkingMassSpectrometryRestraint_Distance_||1.2|Pks13.1|612|Pks13.0|677|0|0.01|,105.8530046095743,4.725830029055625e-10,105.85300461004688,105.85300461004688,0.0
CrossLinkingMassSpectrometryRestraint_Distance_||1.3|Pks13.0|612|Pks13.1|677|0|0.01|,105.85514277957199,3.0542035478714026e-10,105.85514277926657,105.85514277926657,0.0
CrossLinkingMassSpectrometryRestraint_Distance_||1.4|Pks13.1|612|Pks13.1|677|0|0.01|,17.15471433300976,6.099667401056685e-11,17.154714333070757,17.154714333070757,1.0
CrossLinkingMassSpectrometryRestraint_Distance_||10.1|Pks13.0|486|Pks13.0|500|0|0.01|,19.176473513606073,1.2470052174098063e-11,19.176473513593603,19.176473513593603,1.0
CrossLinkingMassSpectrometryRestraint_Distance_||10.2|Pks13.1|486|Pks13.0|500|0|0.01|,61.76224942187076,2.7948548844214997e-10,61.76224942215025,61.76224942215025,0.0
CrossLinkingMassSpectrometryRestraint_Distance_||10.3|Pks13.0|486|Pks13.1|500|0|0.01|,61.75930397168542,1.6503101526814907e-10,61.75930397152039,61.75930397152039,0.0
CrossLinkingMassSpectrometryRestraint_Distance_||10.4|Pks13.1|486|Pks13.1|500|0|0.01|,19.176473513606073,1.2477157616932307e-11,19.176473513593596,19.176473513593596,1.0
CrossLinkingMassSpectrometryRestraint_Distance_||11.1|Pks13.0|151|Pks13.0|1325|0|0.1|,44.0193434582231,18.61765452608372,4.816046066659135,130.4077101364795,0.4016876203420546
CrossLinkingMassSpectrometryRestraint_Distance_||11.2|Pks13.1|151|Pks13.0|1325|0|0.1|,41.418539134946606,18.491291497752023,5.149630686547285,147.46093736648245,0.45931240579558624
CrossLinkingMassSpectrometryRestraint_Distance_||11.3|Pks13.0|151|Pks13.1|1325|0|0.1|,41.413851865597174,18.492611055484602,5.155637991157004,147.45921422552598,0.4593254746159945
CrossLinkingMassSpectrometryRestraint_Distance_||11.4|Pks13.1|151|Pks13.1|1325|0|0.1|,44.01934345822309,18.61765452608372,4.816046066659144,130.4077101364795,0.4016876203420546
CrossLinkingMassSpectrometryRestraint_Distance_||12.1|Pks13.0|486|Pks13.0|1066|0|0.01|,46.50906933839533,1.7633577481743114e-10,46.50906933821899,46.50906933821899,0.0
CrossLinkingMassSpectrometryRestraint_Distance_||12.2|Pks13.1|486|Pks13.0|1066|0|0.01|,52.524554132890664,1.4211596212771245e-10,52.52455413274855,52.52455413274855,0.0
CrossLinkingMassSpectrometryRestraint_Distance_||12.3|Pks13.0|486|Pks13.1|1066|0|0.01|,52.53092711434302,2.4883971349805597e-10,52.53092711459186,52.53092711459186,0.0
CrossLinkingMassSpectrometryRestraint_Distance_||12.4|Pks13.1|486|Pks13.1|1066|0|0.01|,46.50906933839533,1.763428802602654e-10,46.509069338218985,46.509069338218985,0.0
CrossLinkingMassSpectrometryRestraint_Distance_||13.1|Pks13.0|341|Pks13.0|385|0|0.1|,22.33888547898453,3.0866043671955546e-11,22.338885479015396,22.338885479015396,1.0
CrossLinkingMassSpectrometryRestraint_Distance_||13.2|Pks13.1|341|Pks13.0|385|0|0.1|,20.05992743899238,3.520746924367858e-11,20.059927439027586,20.059927439027586,1.0
CrossLinkingMassSpectrometryRestraint_Distance_||13.3|Pks13.0|341|Pks13.1|385|0|0.1|,20.059615626417703,2.2133454428669783e-12,20.05961562641549,20.05961562641549,1.0
CrossLinkingMassSpectrometryRestraint_Distance_||13.4|Pks13.1|341|Pks13.1|385|0|0.1|,22.33888547898453,3.0873149114789793e-11,22.338885479015403,22.338885479015403,1.0
CrossLinkingMassSpectrometryRestraint_Distance_||14.1|Pks13.0|1103|Pks13.0|1325|0|0.01|,33.245881423120494,13.230126091587143,5.26711943079788,115.17475862098709,0.5791186387516662
CrossLinkingMassSpectrometryRestraint_Distance_||14.2|Pks13.1|1103|Pks13.0|1325|0|0.01|,56.932539678315074,10.997098067388926,7.123824469791233,149.3161261176504,0.05325979943716947
CrossLinkingMassSpectrometryRestraint_Distance_||14.3|Pks13.0|1103|Pks13.1|1325|0|0.01|,56.9304041830964,10.997082576265301,7.125941273100858,149.3216870174963,0.05325979943716947
CrossLinkingMassSpectrometryRestraint_Distance_||14.4|Pks13.1|1103|Pks13.1|1325|0|0.01|,33.245881423120494,13.230126091587142,5.267119430797882,115.17475862098708,0.5791186387516662
CrossLinkingMassSpectrometryRestraint_Distance_||15.1|Pks13.0|677|Pks13.0|1811|0|0.01|,110.60162850143912,52.78944546493988,4.566197898334927,267.6771425252632,0.17514397483816443
CrossLinkingMassSpectrometryRestraint_Distance_||15.2|Pks13.1|677|Pks13.0|1811|0|0.01|,104.9709203875164,52.92996647934593,5.4664905892515465,257.2550108636017,0.19269104437300155
CrossLinkingMassSpectrometryRestraint_Distance_||15.3|Pks13.0|677|Pks13.1|1811|0|0.01|,104.97268787011541,52.929892581790035,5.464683916920757,257.2510254493667,0.19268668809953213
CrossLinkingMassSpectrometryRestraint_Distance_||15.4|Pks13.1|677|Pks13.1|1811|0|0.01|,110.60162850143912,52.789445464939874,4.56619789833492,267.67714252526315,0.17514397483816443
CrossLinkingMassSpectrometryRestraint_Distance_||16.1|Pks13.0|500|Pks13.0|677|0|0.1|,48.17901933871833,6.565429178841374e-11,48.17901933865267,48.17901933865267,0.0
CrossLinkingMassSpectrometryRestraint_Distance_||16.2|Pks13.1|500|Pks13.0|677|0|0.1|,72.98841480209981,3.1546745095476114e-10,72.98841480241528,72.98841480241528,0.0
CrossLinkingMassSpectrometryRestraint_Distance_||16.3|Pks13.0|500|Pks13.1|677|0|0.1|,72.99205643346804,2.0470780805456707e-10,72.99205643367274,72.99205643367274,0.0
CrossLinkingMassSpectrometryRestraint_Distance_||16.4|Pks13.1|500|Pks13.1|677|0|0.1|,48.17901933871833,6.565429178841374e-11,48.17901933865267,48.17901933865267,0.0
CrossLinkingMassSpectrometryRestraint_Distance_||17.1|Pks13.0|486|Pks13.0|1103|0|0.01|,53.85423861672995,10.154487220256344,28.826498134134884,73.98051404131341,1.3068820408269949e-05
CrossLinkingMassSpectrometryRestraint_Distance_||17.2|Pks13.1|486|Pks13.0|1103|0|0.01|,50.477180561667105,11.948698227042767,27.482382866755735,76.34815484175978,0.0008930360612317799
CrossLinkingMassSpectrometryRestraint_Distance_||17.3|Pks13.0|486|Pks13.1|1103|0|0.01|,50.48600016547539,11.947430988730833,27.49105947264902,76.35465877129393,0.00087996724082351
CrossLinkingMassSpectrometryRestraint_Distance_||17.4|Pks13.1|486|Pks13.1|1103|0|0.01|,53.854238616729944,10.154487220256339,28.826498134134884,73.9805140413134,1.3068820408269949e-05
CrossLinkingMassSpectrometryRestraint_Distance_||18.1|Pks13.0|677|Pks13.0|1015|0|0.01|,25.365743078292468,1.835335884085202e-11,25.36574307831082,25.36574307831082,1.0
CrossLinkingMassSpectrometryRestraint_Distance_||18.2|Pks13.1|677|Pks13.0|1015|0|0.01|,113.05045924222824,2.7476747440021206e-10,113.05045924195348,113.05045924195348,0.0
CrossLinkingMassSpectrometryRestraint_Distance_||18.3|Pks13.0|677|Pks13.1|1015|0|0.01|,113.04803603917303,5.617847322466606e-10,113.04803603973481,113.04803603973481,0.0
CrossLinkingMassSpectrometryRestraint_Distance_||18.4|Pks13.1|677|Pks13.1|1015|0|0.01|,25.365743078292468,1.8356911562269144e-11,25.365743078310825,25.365743078310825,1.0
CrossLinkingMassSpectrometryRestraint_Distance_||19.1|Pks13.0|152|Pks13.0|320|0|0.01|,22.30912681389598,2.5082213204881005e-12,22.30912681389347,22.30912681389347,1.0
CrossLinkingMassSpectrometryRestraint_Distance_||19.2|Pks13.1|152|Pks13.0|320|0|0.01|,55.30207201978406,4.5474834139161025e-11,55.30207201973859,55.30207201973859,0.0
CrossLinkingMassSpectrometryRestraint_Distance_||19.3|Pks13.0|152|Pks13.1|320|0|0.01|,55.297112370408136,1.683847842859122e-10,55.29711237057652,55.29711237057652,0.0
CrossLinkingMassSpectrometryRestraint_Distance_||19.4|Pks13.1|152|Pks13.1|320|0|0.01|,22.30912681389598,2.5117740419052225e-12,22.309126813893467,22.309126813893467,1.0
CrossLinkingMassSpectrometryRestraint_Distance_||2.1|Pks13.0|320|Pks13.0|1325|0|0.01|,45.42174017894068,26.180292535697415,5.917221979523502,149.74609859403557,0.44556836299955566
CrossLinkingMassSpectrometryRestraint_Distance_||2.2|Pks13.1|320|Pks13.0|1325|0|0.01|,41.452158525569665,26.103186224319906,6.323214190174125,155.77777787983445,0.5163665194246234
CrossLinkingMassSpectrometryRestraint_Distance_||2.3|Pks13.0|320|Pks13.1|1325|0|0.01|,41.456629714416174,26.100569996207433,6.3310819904566396,155.77798776541522,0.5163665194246234
CrossLinkingMassSpectrometryRestraint_Distance_||2.4|Pks13.1|320|Pks13.1|1325|0|0.01|,45.42174017894068,26.180292535697415,5.917221979523493,149.74609859403557,0.44556836299955566
CrossLinkingMassSpectrometryRestraint_Distance_||20.1|Pks13.0|1495|Pks13.0|1702|0|0.01|,20.39128646724357,4.812988181326122,4.987873698864758,72.76139815132211,0.9935440027183147
CrossLinkingMassSpectrometryRestraint_Distance_||20.2|Pks13.1|1495|Pks13.0|1702|0|0.01|,190.94320207784122,51.79684437684715,9.486864153043825,395.13007426193064,0.003045035155126898
CrossLinkingMassSpectrometryRestraint_Distance_||20.3|Pks13.0|1495|Pks13.1|1702|0|0.01|,190.94317699634485,51.796759244429985,9.499046656441635,395.13000473390497,0.003045035155126898
CrossLinkingMassSpectrometryRestraint_Distance_||20.4|Pks13.1|1495|Pks13.1|1702|0|0.01|,20.39128646724357,4.812988181326124,4.987873698864743,72.76139815132213,0.9935440027183147
CrossLinkingMassSpectrometryRestraint_Distance_||21.1|Pks13.0|605|Pks13.0|1015|0|0.01|,17.60451251491401,7.531058860015121e-11,17.6045125148387,17.6045125148387,1.0
CrossLinkingMassSpectrometryRestraint_Distance_||21.2|Pks13.1|605|Pks13.0|1015|0|0.01|,117.75269892073837,3.4506872580222125e-10,117.75269892108344,117.75269892108344,0.0
CrossLinkingMassSpectrometryRestraint_Distance_||21.3|Pks13.0|605|Pks13.1|1015|0|0.01|,117.75363126017807,3.0078760605921324e-10,117.75363125987728,117.75363125987728,0.0
CrossLinkingMassSpectrometryRestraint_Distance_||21.4|Pks13.1|605|Pks13.1|1015|0|0.01|,17.60451251491401,7.531769404298545e-11,17.604512514838692,17.604512514838692,1.0
CrossLinkingMassSpectrometryRestraint_Distance_||22.1|Pks13.0|175|Pks13.0|1066|0|0.01|,10.193939932196129,2.7741425185596787e-11,10.19393993222387,10.19393993222387,1.0
CrossLinkingMassSpectrometryRestraint_Distance_||22.2|Pks13.1|175|Pks13.0|1066|0|0.01|,47.81273096782268,2.5453117320828534e-10,47.81273096756815,47.81273096756815,0.0
CrossLinkingMassSpectrometryRestraint_Distance_||22.3|Pks13.0|175|Pks13.1|1066|0|0.01|,47.81241000071185,1.1404235748961476e-11,47.812410000723254,47.812410000723254,0.0
CrossLinkingMassSpectrometryRestraint_Distance_||22.4|Pks13.1|175|Pks13.1|1066|0|0.01|,10.193939932196129,2.7739648824888227e-11,10.193939932223868,10.193939932223868,1.0
CrossLinkingMassSpectrometryRestraint_Distance_||23.1|Pks13.0|677|Pks13.0|686|0|0.01|,11.068743529083715,4.622090563675664e-12,11.068743529088337,11.068743529088337,1.0
CrossLinkingMassSpectrometryRestraint_Distance_||23.2|Pks13.1|677|Pks13.0|686|0|0.01|,103.3394537158153,1.2306626988910452e-10,103.33945371569223,103.33945371569223,0.0
CrossLinkingMassSpectrometryRestraint_Distance_||23.3|Pks13.0|677|Pks13.1|686|0|0.01|,103.34019084772734,3.2781671060067704e-10,103.34019084805516,103.34019084805516,0.0
CrossLinkingMassSpectrometryRestraint_Distance_||23.4|Pks13.1|677|Pks13.1|686|0|0.01|,11.068743529083715,4.623866924384225e-12,11.068743529088339,11.068743529088339,1.0
CrossLinkingMassSpectrometryRestraint_Distance_||24.1|Pks13.0|152|Pks13.0|385|0|0.1|,43.75450134909347,1.6122249790899435e-11,43.754501349109596,43.754501349109596,0.0
CrossLinkingMassSpectrometryRestraint_Distance_||24.2|Pks13.1|152|Pks13.0|385|0|0.1|,55.49470153823312,3.1569482512545696e-11,55.494701538201554,55.494701538201554,0.0
CrossLinkingMassSpectrometryRestraint_Distance_||24.3|Pks13.0|152|Pks13.1|385|0|0.1|,55.48443614443905,3.080280523073078e-10,55.484436144131024,55.484436144131024,0.0
CrossLinkingMassSpectrometryRestraint_Distance_||24.4|Pks13.1|152|Pks13.1|385|0|0.1|,43.75450134909347,1.6122249790899435e-11,43.754501349109596,43.754501349109596,0.0
CrossLinkingMassSpectrometryRestraint_Distance_||25.1|Pks13.0|385|Pks13.0|430|0|0.01|,22.744135201931687,8.238405694164102e-11,22.74413520201407,22.74413520201407,1.0
CrossLinkingMassSpectrometryRestraint_Distance_||25.2|Pks13.1|385|Pks13.0|430|0|0.01|,48.519293693661034,1.987889741736419e-10,48.519293693462245,48.519293693462245,0.0
CrossLinkingMassSpectrometryRestraint_Distance_||25.3|Pks13.0|385|Pks13.1|430|0|0.01|,48.51882909558049,2.6311454815205202e-11,48.518829095606804,48.518829095606804,0.0
CrossLinkingMassSpectrometryRestraint_Distance_||25.4|Pks13.1|385|Pks13.1|430|0|0.01|,22.744135201931687,8.238050422022391e-11,22.744135202014068,22.744135202014068,1.0
CrossLinkingMassSpectrometryRestraint_Distance_||27.1|Pks13.0|320|Pks13.0|341|0|0.01|,35.32867052107396,1.207285791966383e-10,35.32867052095323,35.32867052095323,0.0
CrossLinkingMassSpectrometryRestraint_Distance_||27.2|Pks13.1|320|Pks13.0|341|0|0.01|,44.06408985576996,2.3547437552684322e-11,44.06408985574641,44.06408985574641,0.0
CrossLinkingMassSpectrometryRestraint_Distance_||27.3|Pks13.0|320|Pks13.1|341|0|0.01|,44.057528450468915,1.3677977455919528e-11,44.05752845048259,44.05752845048259,0.0
CrossLinkingMassSpectrometryRestraint_Distance_||27.4|Pks13.1|320|Pks13.1|341|0|0.01|,35.32867052107396,1.207285791966383e-10,35.32867052095323,35.32867052095323,0.0
CrossLinkingMassSpectrometryRestraint_Distance_||28.1|Pks13.0|677|Pks13.0|1122|0|0.01|,68.85609638016923,8.112935956008851,16.083483716877733,101.14803369066014,0.010529112975596156
CrossLinkingMassSpectrometryRestraint_Distance_||28.2|Pks13.1|677|Pks13.0|1122|0|0.01|,70.94430582510232,7.758357897313672,36.755269774080865,109.83049204410041,0.0
CrossLinkingMassSpectrometryRestraint_Distance_||28.3|Pks13.0|677|Pks13.1|1122|0|0.01|,70.95072867881414,7.758198875026962,36.76372853935784,109.83592857953313,0.0
CrossLinkingMassSpectrometryRestraint_Distance_||28.4|Pks13.1|677|Pks13.1|1122|0|0.01|,68.85609638016919,8.112935956008863,16.083483716877733,101.14803369066013,0.010529112975596156
CrossLinkingMassSpectrometryRestraint_Distance_||29.1|Pks13.0|388|Pks13.0|1103|0|0.01|,53.74083238702241,6.203227722608674,36.83365281669626,73.35600499080823,0.0
CrossLinkingMassSpectrometryRestraint_Distance_||29.2|Pks13.1|388|Pks13.0|1103|0|0.01|,51.779457767283056,8.16160035654683,31.703924174844463,73.08702417133067,0.0
CrossLinkingMassSpectrometryRestraint_Distance_||29.3|Pks13.0|388|Pks13.1|1103|0|0.01|,51.79104572219394,8.16083118918592,31.716328501894818,73.09770810153952,0.0
CrossLinkingMassSpectrometryRestraint_Distance_||29.4|Pks13.1|388|Pks13.1|1103|0|0.01|,53.74083238702239,6.203227722608674,36.83365281669626,73.35600499080822,0.0
CrossLinkingMassSpectrometryRestraint_Distance_||3.1|Pks13.0|677|Pks13.0|1103|0|0.01|,59.54316976355965,14.460961194589752,20.776462258088312,91.90123541003369,0.004696062800038335
CrossLinkingMassSpectrometryRestraint_Distance_||3.2|Pks13.1|677|Pks13.0|1103|0|0.01|,63.847577479826285,13.42465734457204,34.40615581230751,98.81779943172909,0.0
CrossLinkingMassSpectrometryRestraint_Distance_||3.3|Pks13.0|677|Pks13.1|1103|0|0.01|,63.85332151729992,13.423125521870794,34.41471621769023,98.82272204137149,0.0
CrossLinkingMassSpectrometryRestraint_Distance_||3.4|Pks13.1|677|Pks13.1|1103|0|0.01|,59.54316976355963,14.460961194589759,20.776462258088305,91.90123541003368,0.004696062800038335
CrossLinkingMassSpectrometryRestraint_Distance_||30.1|Pks13.0|677|Pks13.0|1573|0|0.01|,110.20944863927328,50.07791094502554,5.382338090145241,259.3738395632925,0.15665159396046247
CrossLinkingMassSpectrometryRestraint_Distance_||30.2|Pks13.1|677|Pks13.0|1573|0|0.01|,104.79916569957484,50.28898782322768,5.558153440718012,243.4427306504566,0.17038692420955417
CrossLinkingMassSpectrometryRestraint_Distance_||30.3|Pks13.0|677|Pks13.1|1573|0|0.01|,104.80210304892051,50.2874179405004,5.566571627064318,243.44407057890703,0.1703738553891459
CrossLinkingMassSpectrometryRestraint_Distance_||30.4|Pks13.1|677|Pks13.1|1573|0|0.01|,110.20944863927325,50.07791094502554,5.382338090145239,259.37383956329245,0.15665159396046247
CrossLinkingMassSpectrometryRestraint_Distance_||31.1|Pks13.0|1066|Pks13.0|1103|0|0.01|,32.91685004901467,12.25051308444206,4.1928838591478845,60.51619301895736,0.56164126959234
CrossLinkingMassSpectrometryRestraint_Distance_||31.2|Pks13.1|1066|Pks13.0|1103|0|0.01|,36.3945740875599,12.735827893605302,7.531280030912071,69.19498248841543,0.43695165407703634
CrossLinkingMassSpectrometryRestraint_Distance_||31.3|Pks13.0|1066|Pks13.1|1103|0|0.01|,36.397950617783664,12.733663351768778,7.541601528636019,69.19667491737627,0.43695165407703634
CrossLinkingMassSpectrometryRestraint_Distance_||31.4|Pks13.1|1066|Pks13.1|1103|0|0.01|,32.91685004901467,12.25051308444206,4.192883859147887,60.51619301895736,0.56164126959234
CrossLinkingMassSpectrometryRestraint_Distance_||32.1|Pks13.0|385|Pks13.0|424|0|0.1|,15.638356522792463,8.287788521862097e-11,15.638356522875341,15.638356522875341,1.0
CrossLinkingMassSpectrometryRestraint_Distance_||32.2|Pks13.1|385|Pks13.0|424|0|0.1|,44.78511883815767,2.9828649018155933e-11,44.78511883812784,44.78511883812784,0.0
CrossLinkingMassSpectrometryRestraint_Distance_||32.3|Pks13.0|385|Pks13.1|424|0|0.1|,44.78470060027601,1.935309464763014e-10,44.78470060008248,44.78470060008248,0.0
CrossLinkingMassSpectrometryRestraint_Distance_||32.4|Pks13.1|385|Pks13.1|424|0|0.1|,15.638356522792463,8.287255613649529e-11,15.638356522875336,15.638356522875336,1.0
CrossLinkingMassSpectrometryRestraint_Distance_||34.1|Pks13.0|151|Pks13.0|320|0|0.1|,23.651949014497486,5.2907127343780157e-11,23.65194901444458,23.65194901444458,1.0
CrossLinkingMassSpectrometryRestraint_Distance_||34.2|Pks13.1|151|Pks13.0|320|0|0.1|,54.528802292928575,1.9051823871458198e-10,54.52880229311909,54.52880229311909,0.0
CrossLinkingMassSpectrometryRestraint_Distance_||34.3|Pks13.0|151|Pks13.1|320|0|0.1|,54.52354261652607,1.0103229166011417e-10,54.523542616627104,54.523542616627104,0.0
CrossLinkingMassSpectrometryRestraint_Distance_||34.4|Pks13.1|151|Pks13.1|320|0|0.1|,23.651949014497486,5.2917785508031524e-11,23.65194901444457,23.65194901444457,1.0
CrossLinkingMassSpectrometryRestraint_Distance_||35.1|Pks13.0|320|Pks13.0|486|0|0.01|,14.96794198327106,5.459822273833021e-11,14.967941983325659,14.967941983325659,1.0
CrossLinkingMassSpectrometryRestraint_Distance_||35.2|Pks13.1|320|Pks13.0|486|0|0.01|,65.69454619896463,2.9332689108325713e-10,65.69454619925796,65.69454619925796,0.0
CrossLinkingMassSpectrometryRestraint_Distance_||35.3|Pks13.0|320|Pks13.1|486|0|0.01|,65.69163452088834,2.557959420327808e-13,65.6916345208886,65.6916345208886,0.0
CrossLinkingMassSpectrometryRestraint_Distance_||35.4|Pks13.1|320|Pks13.1|486|0|0.01|,14.96794198327106,5.459822273833021e-11,14.967941983325659,14.967941983325659,1.0
CrossLinkingMassSpectrometryRestraint_Distance_||36.1|Pks13.0|486|Pks13.0|677|0|0.1|,57.085355549901834,3.029192389094864e-10,57.085355549598916,57.085355549598916,0.0
CrossLinkingMassSpectrometryRestraint_Distance_||36.2|Pks13.1|486|Pks13.0|677|0|0.1|,67.36916582983307,3.121278928226665e-10,67.36916582952094,67.36916582952094,0.0
CrossLinkingMassSpectrometryRestraint_Distance_||36.3|Pks13.0|486|Pks13.1|677|0|0.1|,67.3704110495671,9.167442344741494e-11,67.37041104947542,67.37041104947542,0.0
CrossLinkingMassSpectrometryRestraint_Distance_||36.4|Pks13.1|486|Pks13.1|677|0|0.1|,57.085355549901834,3.0292634435232064e-10,57.08535554959891,57.08535554959891,0.0
CrossLinkingMassSpectrometryRestraint_Distance_||37.1|Pks13.0|500|Pks13.0|539|0|0.01|,21.324403215684992,3.7758203051438435,10.126707159040105,33.81088665022864,0.9963799367469093
CrossLinkingMassSpectrometryRestraint_Distance_||37.2|Pks13.1|500|Pks13.0|539|0|0.01|,49.172663986620236,6.1601692156725445,33.051510541282866,59.82334243277119,0.0
CrossLinkingMassSpectrometryRestraint_Distance_||37.3|Pks13.0|500|Pks13.1|539|0|0.01|,49.16874306383849,6.160376130286574,33.049206322490434,59.82067977222867,0.0
CrossLinkingMassSpectrometryRestraint_Distance_||37.4|Pks13.1|500|Pks13.1|539|0|0.01|,21.324403215684992,3.775820305143844,10.126707159040107,33.810886650228646,0.9963799367469093
CrossLinkingMassSpectrometryRestraint_Distance_||38.1|Pks13.0|152|Pks13.0|1122|0|0.5|,36.62910607491377,19.06016892201992,4.1616333682078235,64.3192468206395,0.43628514423621456
CrossLinkingMassSpectrometryRestraint_Distance_||38.2|Pks13.1|152|Pks13.0|1122|0|0.5|,33.32975856945035,19.217004991478234,3.8642902534533112,66.8114758667655,0.546555494567727
CrossLinkingMassSpectrometryRestraint_Distance_||38.3|Pks13.0|152|Pks13.1|1122|0|0.5|,33.33300061767369,19.21516987159511,3.872145965080563,66.81558518589333,0.546555494567727
CrossLinkingMassSpectrometryRestraint_Distance_||38.4|Pks13.1|152|Pks13.1|1122|0|0.5|,36.62910607491377,19.06016892201992,4.16163336820782,64.3192468206395,0.43628514423621456
CrossLinkingMassSpectrometryRestraint_Distance_||39.1|Pks13.0|320|Pks13.0|1122|0|0.01|,49.35072047557557,19.66024575575767,13.696559433238795,78.75273609406703,0.32850222605574286
CrossLinkingMassSpectrometryRestraint_Distance_||39.2|Pks13.1|320|Pks13.0|1122|0|0.01|,46.50641125316225,19.05828860086232,14.506061620599919,83.2645166747608,0.3352195997455936
CrossLinkingMassSpectrometryRestraint_Distance_||39.3|Pks13.0|320|Pks13.1|1122|0|0.01|,46.515199289202556,19.055052250828155,14.518268300590695,83.27150060263392,0.33512376172926633
CrossLinkingMassSpectrometryRestraint_Distance_||39.4|Pks13.1|320|Pks13.1|1122|0|0.01|,49.35072047557556,19.660245755757675,13.696559433238795,78.75273609406702,0.32850222605574286
CrossLinkingMassSpectrometryRestraint_Distance_||40.1|Pks13.0|1655|Pks13.0|1687|0|0.01|,10.487310550954186,2.6964755349815216e-11,10.487310550980196,10.487310550982464,1.0
CrossLinkingMassSpectrometryRestraint_Distance_||40.2|Pks13.1|1655|Pks13.0|1687|0|0.01|,202.1045325060738,55.81168441474059,6.006653453340422,429.15102420111293,0.001075999546947559
CrossLinkingMassSpectrometryRestraint_Distance_||40.3|Pks13.0|1655|Pks13.1|1687|0|0.01|,202.10459336534814,55.81170735059247,6.004017547123409,429.1511162695078,0.001075999546947559
CrossLinkingMassSpectrometryRestraint_Distance_||40.4|Pks13.1|1655|Pks13.1|1687|0|0.01|,10.487310550954186,2.696467149627687e-11,10.487310550980197,10.48731055098246,1.0
CrossLinkingMassSpectrometryRestraint_Distance_||41.1|Pks13.0|320|Pks13.0|1103|0|0.01|,43.25582372766606,10.918470647771183,18.878479804819463,63.85323871673391,0.21219843696907917
CrossLinkingMassSpectrometryRestraint_Distance_||41.2|Pks13.1|320|Pks13.0|1103|0|0.01|,39.7791202108601,12.112251474849872,18.544494978385206,67.27979903192983,0.368545091786682
CrossLinkingMassSpectrometryRestraint_Distance_||41.3|Pks13.0|320|Pks13.1|1103|0|0.01|,39.78541007962964,12.111308939616777,18.548438895402175,67.2843367494682,0.36845796631729355
CrossLinkingMassSpectrometryRestraint_Distance_||41.4|Pks13.1|320|Pks13.1|1103|0|0.01|,43.25582372766606,10.918470647771187,18.878479804819467,63.85323871673391,0.21219843696907917
CrossLinkingMassSpectrometryRestraint_Distance_||42.1|Pks13.0|388|Pks13.0|424|0|0.01|,15.523378100713561,1.677239781023275e-11,15.523378100730334,15.523378100730334,1.0
CrossLinkingMassSpectrometryRestraint_Distance_||42.2|Pks13.1|388|Pks13.0|424|0|0.01|,44.97551692653328,9.899302956668616e-11,44.975516926632274,44.975516926632274,0.0
CrossLinkingMassSpectrometryRestraint_Distance_||42.3|Pks13.0|388|Pks13.1|424|0|0.01|,44.9764265653101,2.700068277012686e-13,44.97642656531037,44.97642656531037,0.0
CrossLinkingMassSpectrometryRestraint_Distance_||42.4|Pks13.1|388|Pks13.1|424|0|0.01|,15.523378100713561,1.676884508881563e-11,15.52337810073033,15.52337810073033,1.0
CrossLinkingMassSpectrometryRestraint_Distance_||43.1|Pks13.0|320|Pks13.0|1066|0|0.01|,36.90272324247284,1.1579029642683876e-10,36.90272324235705,36.90272324235705,0.0
CrossLinkingMassSpectrometryRestraint_Distance_||43.2|Pks13.1|320|Pks13.0|1066|0|0.01|,44.65042817238239,2.1658100303058866e-10,44.65042817259897,44.65042817259897,0.0
CrossLinkingMassSpectrometryRestraint_Distance_||43.3|Pks13.0|320|Pks13.1|1066|0|0.01|,44.653641490419936,1.7425388006699766e-10,44.65364149059419,44.65364149059419,0.0
CrossLinkingMassSpectrometryRestraint_Distance_||43.4|Pks13.1|320|Pks13.1|1066|0|0.01|,36.90272324247284,1.15797401869673e-10,36.90272324235704,36.90272324235704,0.0
CrossLinkingMassSpectrometryRestraint_Distance_||44.1|Pks13.0|677|Pks13.0|1325|0|0.01|,66.45364737773158,10.558666149628985,5.185978160192757,155.4722322067981,0.002452581963285327
CrossLinkingMassSpectrometryRestraint_Distance_||44.2|Pks13.1|677|Pks13.0|1325|0|0.01|,67.1818358413124,10.31259232298546,8.612745329959631,165.77197747572686,0.0013940075102154613
CrossLinkingMassSpectrometryRestraint_Distance_||44.3|Pks13.0|677|Pks13.1|1325|0|0.01|,67.18524217308085,10.312165627817542,8.623091410544154,165.77809156722802,0.0013940075102154613
CrossLinkingMassSpectrometryRestraint_Distance_||44.4|Pks13.1|677|Pks13.1|1325|0|0.01|,66.45364737773158,10.558666149628985,5.1859781601927635,155.4722322067981,0.002452581963285327
CrossLinkingMassSpectrometryRestraint_Distance_||45.1|Pks13.0|430|Pks13.0|486|0|0.01|,9.508769824001758,4.900446286707169e-11,9.508769824050763,9.508769824050763,1.0
CrossLinkingMassSpectrometryRestraint_Distance_||45.2|Pks13.1|430|Pks13.0|486|0|0.01|,69.64113916606159,1.3716346847224445e-10,69.64113916592443,69.64113916592443,0.0
CrossLinkingMassSpectrometryRestraint_Distance_||45.3|Pks13.0|430|Pks13.1|486|0|0.01|,69.64295732612368,2.3266062016448261e-10,69.64295732635634,69.64295732635634,0.0
CrossLinkingMassSpectrometryRestraint_Distance_||45.4|Pks13.1|430|Pks13.1|486|0|0.01|,9.508769824001758,4.9002686506363134e-11,9.508769824050761,9.508769824050761,1.0
CrossLinkingMassSpectrometryRestraint_Distance_||46.1|Pks13.0|486|Pks13.0|1325|0|0.1|,53.418909306837186,25.473943895441433,5.822569365798511,161.60926472414985,0.3861879993378464
CrossLinkingMassSpectrometryRestraint_Distance_||46.2|Pks13.1|486|Pks13.0|1325|0|0.1|,49.589960547526324,25.294881365619254,5.803872356607749,160.69266291474682,0.45352291835472264
CrossLinkingMassSpectrometryRestraint_Distance_||46.3|Pks13.0|486|Pks13.1|1325|0|0.1|,49.597954235063334,25.29139822439852,5.797972511073065,160.69405670402278,0.45344886170574245
CrossLinkingMassSpectrometryRestraint_Distance_||46.4|Pks13.1|486|Pks13.1|1325|0|0.1|,53.418909306837186,25.47394389544143,5.822569365798506,161.6092647241498,0.3861879993378464
CrossLinkingMassSpectrometryRestraint_Distance_||47.1|Pks13.0|175|Pks13.0|320|0|0.01|,42.830965378616774,3.1263948470673206e-13,42.83096537861646,42.83096537861646,0.0
CrossLinkingMassSpectrometryRestraint_Distance_||47.2|Pks13.1|175|Pks13.0|320|0|0.01|,36.02508295887395,6.173919278674533e-11,36.02508295893569,36.02508295893569,0.0
CrossLinkingMassSpectrometryRestraint_Distance_||47.3|Pks13.0|175|Pks13.1|320|0|0.01|,36.02067388779008,8.61677052508759e-11,36.020673887703914,36.020673887703914,0.0
CrossLinkingMassSpectrometryRestraint_Distance_||47.4|Pks13.1|175|Pks13.1|320|0|0.01|,42.830965378616774,3.1263948470673206e-13,42.83096537861646,42.83096537861646,0.0
CrossLinkingMassSpectrometryRestraint_Distance_||48.1|Pks13.0|1601|Pks13.0|1816|0|0.1|,27.084930987719098,1.1149843899474207e-10,27.084930987605144,27.08493098761099,1.0
CrossLinkingMassSpectrometryRestraint_Distance_||48.2|Pks13.1|1601|Pks13.0|1816|0|0.1|,178.46600952083,61.06940514334176,8.915825630058919,420.3716998580498,0.0009932303510285163
CrossLinkingMassSpectrometryRestraint_Distance_||48.3|Pks13.0|1601|Pks13.1|1816|0|0.1|,178.46555203532108,61.06972250227407,8.908849889681669,420.3716762318536,0.0009932303510285163
CrossLinkingMassSpectrometryRestraint_Distance_||48.4|Pks13.1|1601|Pks13.1|1816|0|0.1|,27.084930987719098,1.1149860579158954e-10,27.08493098760515,27.084930987610996,1.0
CrossLinkingMassSpectrometryRestraint_Distance_||49.1|Pks13.0|1496|Pks13.0|1702|0|0.5|,20.943844274066095,4.854591549098418,4.242033530489695,73.15288979632264,0.9932347073019856
CrossLinkingMassSpectrometryRestraint_Distance_||49.2|Pks13.1|1496|Pks13.0|1702|0|0.5|,190.7696031337159,51.39505378898079,8.293502704863757,395.57647779237345,0.0030363226081880517
CrossLinkingMassSpectrometryRestraint_Distance_||49.3|Pks13.0|1496|Pks13.1|1702|0|0.5|,190.7695808254308,51.39496948106356,8.297839808703156,395.5764166310461,0.0030363226081880517
CrossLinkingMassSpectrometryRestraint_Distance_||49.4|Pks13.1|1496|Pks13.1|1702|0|0.5|,20.94384427406609,4.854591549098417,4.242033530489699,73.15288979632264,0.9932347073019856
CrossLinkingMassSpectrometryRestraint_Distance_||5.1|Pks13.0|164|Pks13.0|1103|0|0.01|,30.489147187322306,8.09468756019041,7.181883254295684,54.03191047747568,0.5616238444984623
CrossLinkingMassSpectrometryRestraint_Distance_||5.2|Pks13.1|164|Pks13.0|1103|0|0.01|,32.557970599531316,8.970146572390728,7.98223438202026,62.61271231907552,0.4371694677505075
CrossLinkingMassSpectrometryRestraint_Distance_||5.3|Pks13.0|164|Pks13.1|1103|0|0.01|,32.561290421993824,8.968306384312372,7.995222933984436,62.6145229142708,0.43716511147703807
CrossLinkingMassSpectrometryRestraint_Distance_||5.4|Pks13.1|164|Pks13.1|1103|0|0.01|,30.489147187322303,8.094687560190408,7.18188325429569,54.03191047747568,0.5616238444984623
CrossLinkingMassSpectrometryRestraint_Distance_||51.1|Pks13.0|320|Pks13.0|388|0|0.01|,31.302936024707986,1.2052962679727946e-10,31.302936024587456,31.302936024587456,0.0
CrossLinkingMassSpectrometryRestraint_Distance_||51.2|Pks13.1|320|Pks13.0|388|0|0.01|,51.62324727513141,4.6249327408093615e-11,51.62324727517766,51.62324727517766,0.0
CrossLinkingMassSpectrometryRestraint_Distance_||51.3|Pks13.0|320|Pks13.1|388|0|0.01|,51.61637010235777,1.195348648004853e-10,51.616370102238236,51.616370102238236,0.0
CrossLinkingMassSpectrometryRestraint_Distance_||51.4|Pks13.1|320|Pks13.1|388|0|0.01|,31.302936024707986,1.2052962679727946e-10,31.302936024587456,31.302936024587456,0.0
CrossLinkingMassSpectrometryRestraint_Distance_||52.1|Pks13.0|500|Pks13.0|542|0|0.1|,23.26012468549999,4.401710668512002,7.318691516361906,46.87620014022907,0.9551913710935118
CrossLinkingMassSpectrometryRestraint_Distance_||52.2|Pks13.1|500|Pks13.0|542|0|0.1|,54.89983607350449,8.066451123150499,21.959537990423822,74.40119234883564,0.002709602097981303
CrossLinkingMassSpectrometryRestraint_Distance_||52.3|Pks13.0|500|Pks13.1|542|0|0.1|,54.89542724686468,8.066990982544572,21.95198609927658,74.39807748930322,0.002709602097981303
CrossLinkingMassSpectrometryRestraint_Distance_||52.4|Pks13.1|500|Pks13.1|542|0|0.1|,23.260124685499985,4.401710668512002,7.3186915163619055,46.87620014022907,0.9551913710935118
CrossLinkingMassSpectrometryRestraint_Distance_||53.1|Pks13.0|388|Pks13.0|430|0|0.01|,21.301695504219623,4.7865815652884106e-11,21.301695504171757,21.301695504171757,1.0
CrossLinkingMassSpectrometryRestraint_Distance_||53.2|Pks13.1|388|Pks13.0|430|0|0.01|,49.25518141699873,1.0649637719964773e-10,49.25518141710523,49.25518141710523,0.0
CrossLinkingMassSpectrometryRestraint_Distance_||53.3|Pks13.0|388|Pks13.1|430|0|0.01|,49.255934647654506,1.2823192682959985e-10,49.255934647526274,49.255934647526274,0.0
CrossLinkingMassSpectrometryRestraint_Distance_||53.4|Pks13.1|388|Pks13.1|430|0|0.01|,21.301695504219623,4.7869368374301226e-11,21.301695504171754,21.301695504171754,1.0
CrossLinkingMassSpectrometryRestraint_Distance_||55.1|Pks13.0|424|Pks13.0|482|0|0.01|,9.14275660835913,2.271254801966066e-11,9.142756608381843,9.142756608381843,1.0
CrossLinkingMassSpectrometryRestraint_Distance_||55.2|Pks13.1|424|Pks13.0|482|0|0.01|,67.1971299392578,4.107088067049665e-10,67.19712993966851,67.19712993966851,0.0
CrossLinkingMassSpectrometryRestraint_Distance_||55.3|Pks13.0|424|Pks13.1|482|0|0.01|,67.19829810360253,3.8396391987687243e-10,67.19829810321856,67.19829810321856,0.0
CrossLinkingMassSpectrometryRestraint_Distance_||55.4|Pks13.1|424|Pks13.1|482|0|0.01|,9.14275660835913,2.271432438036922e-11,9.142756608381845,9.142756608381845,1.0
CrossLinkingMassSpectrometryRestraint_Distance_||57.1|Pks13.0|388|Pks13.0|500|0|0.01|,18.07926061749605,1.747938937224002e-11,18.07926061751353,18.07926061751353,1.0
CrossLinkingMassSpectrometryRestraint_Distance_||57.2|Pks13.1|388|Pks13.0|500|0|0.01|,39.900192747053126,8.737563053269737e-11,39.9001927471405,39.9001927471405,0.0
CrossLinkingMassSpectrometryRestraint_Distance_||57.3|Pks13.0|388|Pks13.1|500|0|0.01|,39.89973680387781,6.84964689221113e-11,39.899736803946304,39.899736803946304,0.0
CrossLinkingMassSpectrometryRestraint_Distance_||57.4|Pks13.1|388|Pks13.1|500|0|0.01|,18.07926061749605,1.747938937224002e-11,18.07926061751353,18.07926061751353,1.0
CrossLinkingMassSpectrometryRestraint_Distance_||58.1|Pks13.0|320|Pks13.0|438|0|0.01|,8.67967398765828,4.2760554976479856e-11,8.67967398761552,8.67967398761552,1.0
CrossLinkingMassSpectrometryRestraint_Distance_||58.2|Pks13.1|320|Pks13.0|438|0|0.01|,53.084425050282405,2.5046685990709786e-11,53.08442505025736,53.08442505025736,0.0
CrossLinkingMassSpectrometryRestraint_Distance_||58.3|Pks13.0|320|Pks13.1|438|0|0.01|,53.08376829200005,1.0494739066178256e-10,53.083768292105,53.083768292105,0.0
CrossLinkingMassSpectrometryRestraint_Distance_||58.4|Pks13.1|320|Pks13.1|438|0|0.01|,8.67967398765828,4.275877861577129e-11,8.679673987615521,8.679673987615521,1.0
CrossLinkingMassSpectrometryRestraint_Distance_||59.1|Pks13.0|152|Pks13.0|388|0|0.5|,47.736183688011096,8.670061346344419e-11,47.736183687924395,47.736183687924395,0.0
CrossLinkingMassSpectrometryRestraint_Distance_||59.2|Pks13.1|152|Pks13.0|388|0|0.5|,59.28533272628562,1.3818665224037558e-10,59.28533272614743,59.28533272614743,0.0
CrossLinkingMassSpectrometryRestraint_Distance_||59.3|Pks13.0|152|Pks13.1|388|0|0.5|,59.27471760047743,1.8079088747450206e-10,59.27471760029664,59.27471760029664,0.0
CrossLinkingMassSpectrometryRestraint_Distance_||59.4|Pks13.1|152|Pks13.1|388|0|0.5|,47.736183688011096,8.670061346344419e-11,47.736183687924395,47.736183687924395,0.0
CrossLinkingMassSpectrometryRestraint_Distance_||6.1|Pks13.0|175|Pks13.0|1103|0|0.01|,28.284187035789568,15.95083124945289,3.9667501708363346,58.11338744059466,0.5603953753800849
CrossLinkingMassSpectrometryRestraint_Distance_||6.2|Pks13.1|175|Pks13.0|1103|0|0.01|,33.017949023142194,16.438658953996274,4.573163625237082,64.9811596504776,0.4375789574566333
CrossLinkingMassSpectrometryRestraint_Distance_||6.3|Pks13.0|175|Pks13.1|1103|0|0.01|,33.021839579586576,16.435709305625192,4.584279136883018,64.98272566667237,0.4375789574566333
CrossLinkingMassSpectrometryRestraint_Distance_||6.4|Pks13.1|175|Pks13.1|1103|0|0.01|,28.284187035789568,15.95083124945289,3.9667501708363337,58.11338744059466,0.5603953753800849
CrossLinkingMassSpectrometryRestraint_Distance_||60.1|Pks13.0|388|Pks13.0|486|0|0.01|,23.78523254392854,4.2071327021558194e-11,23.78523254388647,23.78523254388647,1.0
CrossLinkingMassSpectrometryRestraint_Distance_||60.2|Pks13.1|388|Pks13.0|486|0|0.01|,50.10201286777918,1.9229459942314294e-10,50.102012867971474,50.102012867971474,0.0
CrossLinkingMassSpectrometryRestraint_Distance_||60.3|Pks13.0|388|Pks13.1|486|0|0.01|,50.1052805184978,1.2481420882632852e-10,50.105280518372986,50.105280518372986,0.0
CrossLinkingMassSpectrometryRestraint_Distance_||60.4|Pks13.1|388|Pks13.1|486|0|0.01|,23.78523254392854,4.208198518580956e-11,23.78523254388646,23.78523254388646,1.0
CrossLinkingMassSpectrometryRestraint_Distance_||62.1|Pks13.0|152|Pks13.0|1066|0|0.5|,32.93194453672119,1.801513976194201e-10,32.93194453654104,32.93194453654104,0.0
CrossLinkingMassSpectrometryRestraint_Distance_||62.2|Pks13.1|152|Pks13.0|1066|0|0.5|,36.855063341613,1.4843980625018955e-10,36.855063341761436,36.855063341761436,0.0
CrossLinkingMassSpectrometryRestraint_Distance_||62.3|Pks13.0|152|Pks13.1|1066|0|0.5|,36.85151452966766,2.2860341230612933e-10,36.851514529896264,36.851514529896264,0.0
CrossLinkingMassSpectrometryRestraint_Distance_||62.4|Pks13.1|152|Pks13.1|1066|0|0.5|,32.93194453672119,1.8015850306225436e-10,32.93194453654103,32.93194453654103,0.0
CrossLinkingMassSpectrometryRestraint_Distance_||63.1|Pks13.0|320|Pks13.0|500|0|0.01|,29.720086021347772,2.3476383124341882e-11,29.720086021324295,29.720086021324295,1.0
CrossLinkingMassSpectrometryRestraint_Distance_||63.2|Pks13.1|320|Pks13.0|500|0|0.01|,62.81324444328351,1.6823556998639308e-10,62.81324444311527,62.81324444311527,0.0
CrossLinkingMassSpectrometryRestraint_Distance_||63.3|Pks13.0|320|Pks13.1|500|0|0.01|,62.807302891801285,7.641193223945902e-11,62.80730289172487,62.80730289172487,0.0
CrossLinkingMassSpectrometryRestraint_Distance_||63.4|Pks13.1|320|Pks13.1|500|0|0.01|,29.720086021347772,2.3476383124341882e-11,29.720086021324295,29.720086021324295,1.0
CrossLinkingMassSpectrometryRestraint_Distance_||64.1|Pks13.0|320|Pks13.0|430|0|0.01|,24.28843959667056,5.279699297984938e-11,24.288439596617764,24.288439596617764,1.0
CrossLinkingMassSpectrometryRestraint_Distance_||64.2|Pks13.1|320|Pks13.0|430|0|0.01|,68.99480283260306,2.0861580161340122e-11,68.9948028325822,68.9948028325822,0.0
CrossLinkingMassSpectrometryRestraint_Distance_||64.3|Pks13.0|320|Pks13.1|430|0|0.01|,68.99019512022365,3.3982490899054923e-10,68.99019512056347,68.99019512056347,0.0
CrossLinkingMassSpectrometryRestraint_Distance_||64.4|Pks13.1|320|Pks13.1|430|0|0.01|,24.28843959667056,5.279344025843225e-11,24.288439596617767,24.288439596617767,1.0
CrossLinkingMassSpectrometryRestraint_Distance_||7.1|Pks13.0|424|Pks13.0|486|0|0.01|,13.91522861283606,8.707720193365913e-12,13.915228612844768,13.915228612844768,1.0
CrossLinkingMassSpectrometryRestraint_Distance_||7.2|Pks13.1|424|Pks13.0|486|0|0.01|,64.16108423472073,5.371714782688397e-11,64.16108423477445,64.16108423477445,0.0
CrossLinkingMassSpectrometryRestraint_Distance_||7.3|Pks13.0|424|Pks13.1|486|0|0.01|,64.16299828381193,3.8082331414413666e-10,64.16299828419275,64.16299828419275,0.0
CrossLinkingMassSpectrometryRestraint_Distance_||7.4|Pks13.1|424|Pks13.1|486|0|0.01|,13.91522861283606,8.704167471948791e-12,13.915228612844764,13.915228612844764,1.0
CrossLinkingMassSpectrometryRestraint_Distance_||8.1|Pks13.0|164|Pks13.0|320|0|0.01|,30.65719375973354,1.750177151716789e-10,30.65719375990856,30.65719375990856,0.0
CrossLinkingMassSpectrometryRestraint_Distance_||8.2|Pks13.1|164|Pks13.0|320|0|0.01|,43.02484871819596,1.4068776811802943e-11,43.02484871818189,43.02484871818189,0.0
CrossLinkingMassSpectrometryRestraint_Distance_||8.3|Pks13.0|164|Pks13.1|320|0|0.01|,43.02142678510674,4.117604122444346e-11,43.021426785147916,43.021426785147916,0.0
CrossLinkingMassSpectrometryRestraint_Distance_||8.4|Pks13.1|164|Pks13.1|320|0|0.01|,30.65719375973354,1.7501416245026177e-10,30.657193759908555,30.657193759908555,0.0
CrossLinkingMassSpectrometryRestraint_Distance_||9.1|Pks13.0|539|Pks13.0|1066|0|0.1|,54.93268151470399,2.7531547482946888,43.57773838498168,61.544091178344374,0.0
CrossLinkingMassSpectrometryRestraint_Distance_||9.2|Pks13.1|539|Pks13.0|1066|0|0.1|,70.23204522279303,5.169060187929166,56.47544426056853,80.01368647910213,0.0
CrossLinkingMassSpectrometryRestraint_Distance_||9.3|Pks13.0|539|Pks13.1|1066|0|0.1|,70.24215719836356,5.168664681601814,56.485380449563536,80.02332443689971,0.0
CrossLinkingMassSpectrometryRestraint_Distance_||9.4|Pks13.1|539|Pks13.1|1066|0|0.1|,54.93268151470398,2.7531547482946874,43.57773838498168,61.544091178344374,0.0
